<?xml version="1.0" encoding="UTF-8"?>
<project-private xmlns="http://www.netbeans.org/ns/project-private/1">
    <editor-bookmarks xmlns="http://www.netbeans.org/ns/editor-bookmarks/2" lastBookmarkId="0"/>
    <open-files xmlns="http://www.netbeans.org/ns/projectui-open-files/2">
        <group>
            <file>file:/C:/Users/DELL/Desktop/Agile/agile/src/last/DSSV.java</file>
            <file>file:/C:/Users/DELL/Desktop/Agile/agile/src/last/LichHoc.java</file>
            <file>file:/C:/Users/DELL/Desktop/Agile/agile/src/last/LichSuHoc.java</file>
            <file>file:/C:/Users/DELL/Desktop/Agile/agile/src/last/Diem.java</file>
        </group>
    </open-files>
</project-private>
